{"cameraMode":{"drawMode":0,"name":"Shaded","section":"Shading Mode"},"sceneLighting":true,"audioPlay":false,"sceneViewState":{"showFog":true,"showMaterialUpdate":false,"showSkybox":true,"showFlares":true,"showImageEffects":true,"showParticleSystems":true},"in2DMode":false,"pivot":{"x":-1.4100944995880128,"y":-8.265714645385743,"z":4.59108304977417},"rotation":{"x":-0.08207150548696518,"y":0.1243399903178215,"z":-0.010319419205188752,"w":-0.9887858033180237},"size":9.974456787109375,"orthographic":false}