{"cameraMode":{"drawMode":0,"name":"Shaded","section":"Shading Mode"},"sceneLighting":true,"audioPlay":false,"sceneViewState":{"showFog":true,"showMaterialUpdate":false,"showSkybox":true,"showFlares":true,"showImageEffects":true,"showParticleSystems":true},"in2DMode":false,"pivot":{"x":456.09088134765627,"y":425.2193908691406,"z":-0.6590576171875},"rotation":{"x":-0.0089998384937644,"y":0.0029998738318681719,"z":0.000026999601686839014,"w":0.9999549984931946},"size":1095.7098388671875,"orthographic":false}