{"cameraMode":{"drawMode":0,"name":"Shaded","section":"Shading Mode"},"sceneLighting":false,"audioPlay":false,"sceneViewState":{"showFog":true,"showMaterialUpdate":false,"showSkybox":true,"showFlares":true,"showImageEffects":true,"showParticleSystems":true},"in2DMode":false,"pivot":{"x":0.5894931554794312,"y":0.1793549805879593,"z":0.8928282260894775},"rotation":{"x":-0.08207150548696518,"y":0.1243399903178215,"z":-0.010319419205188752,"w":-0.9887858033180237},"size":4.631589889526367,"orthographic":false}